ckd,ckd_next_0,ckd_next_1,ckd_next_2,ckd_next_3,ckd_next_4,ckd_next_5
0,1.000000,0.000000,0.000000,0.000000,0.000000,0.000000
1,0.000000,0.956890,0.008477,0.031727,0.002180,0.000727
2,0.000000,0.001905,0.938423,0.055385,0.002926,0.001361
3,0.000000,0.000577,0.004083,0.977222,0.014840,0.003279
4,0.000000,0.000432,0.001105,0.075977,0.878830,0.043656
5,0.000000,0.000115,0.000804,0.011950,0.019496,0.967634
