ckd,ckd_next_0,ckd_next_1,ckd_next_2,ckd_next_3,ckd_next_4,ckd_next_5
0,0.9922398,0.0001239,0.0007213,0.0063517,0.0003788,0.0001846
1,0.0000000,0.9690204,0.0053652,0.0228453,0.0020768,0.0006923
2,0.0000000,0.0007380,0.9623602,0.0341439,0.0018645,0.0008934
3,0.0000000,0.0002917,0.0025664,0.9877009,0.0078259,0.0016151
4,0.0000000,0.0001632,0.0011015,0.0518951,0.9211374,0.0257027
5,0.0000000,0.0000676,0.0005068,0.0089204,0.0116236,0.9788816
